url,product_name,predicted_category_name,predicted_category_code,predicted_category_keywords
https://capecodcandy.co/products/peach-gummies,Peach Gummies,Machine made parts,31270000,"['Screw machine made parts', 'Metal screw machine made parts', 'Non metal screw machine made parts']"
https://www.expertonlux.com/en/16-plafoniera?SubmitCurrency=1&id_currency=2,16 Plafoniera,Launchers,46140000,"['Missile launchers', 'Missile and rocket launchers', 'Rocket launchers']"
https://agaplex.com/product/trappes-avec-cadre-type-ltr-c250-d400/,Trappes Avec Cadre Type Ltr C250 D400,Elements and gases,12140000,"['Silicon Si', 'Copper Cu', 'Non metals and pure and elemental gases', 'Molybdenum Mo', 'Hassium Hs', 'Hafnium Hf', 'Carbon dioxide gas CO2', 'Manganese Mn', 'Bohrium Bh', 'Cadmium Ca', 'Rubidium Rb', 'Transition metals', 'Neptunium Np', 'Alpha sources', 'Dry ice', 'Uranium U', 'Gamma sources', 'Ytterbium Yb', 'Strontium Sr', 'Lithium Li', 'Aluminum Al', 'Europium Eu', 'Actinium Ac', 'Yttrium Y', 'Lutetium Lu', 'Hydrogen sulfide', 'Argon gas Ar', 'Hydrogen H', 'Zinc Zn', 'Zirconium Zr', 'Lead Pb', 'Americium Am', 'Hydrogen compound gases', 'Neodymium Nd', 'Nitrogen N', 'Liquid ammonia', 'Calibration sources', 'Titanium Ti', 'Einsteinium Es', 'Ununnilium Uum', 'Unununium Uuu', 'Bismuth Bi', 'Praseodymium Pr', 'Platinum Pt', 'Noble gases', 'Calcium Ca', 'Iodine I', 'Cerium Ce', 'Protactinium Pa', 'Dysprosium Dy', 'Radon gas Rn', 'Beryllium Be', 'Tantalum Ta', 'Holmium Ho', 'Chlorine Cl', 'Earth metals', 'Palladium Pd', 'Cesium Cs', 'Radium Ra', 'Antimony Sb', 'Barium Ba', 'Heavy water', 'Iron Fe', 'Ruthenium Ru', 'Radioisotope sources', 'Scandium Sc', 'Germanium Ge', 'Osmium Os', 'Plutonium Pu', 'Iridium Ir', 'Dubnium Db', 'Xenon gas Xe', 'Vanadium V', 'Curium Cm', 'Cobalt Co', 'Ununbium Uub', 'Seaborgium Sg', 'Carbon monoxide', 'Bromine Br', 'Chromium Cr', 'Samarium Sm', 'Rhodium Rh', 'Promethium Pm', 'Tellurium Te', 'Oxygen O', 'Astatine At', 'Mendelevium Md', 'Terbium Tb', 'Erbium Er', 'Magnesium Mg', 'Lawrencium Lr', 'Francium Fm', 'Indium In', 'Gold Au', 'Chlorinated mixed gases', 'Lanthanum La', 'Isotopes', 'Fermium Fm', 'Rutherfordium Rf', 'Mercury Hg', 'Selenium Se', 'Fluorine F', 'Niobium Nb', 'Carbon C', 'Industrial use gases', 'Sulfur S', 'Tungsten W', 'Potassium K', 'Thorium Th', 'Alkali metals', 'Boron B', 'Gadolinium Gd', 'Industrial air', 'Technetium Te', 'Nobelium No', 'Neon gas Ne', 'Berkelium Bk', 'Phosphorus P', 'Cobalt sources', 'Arsenic As', 'Helium gas He', 'Ammonia', 'Thulium Tm', 'Rare earth metals', 'Deuterated solvents', 'Beta sources', 'Sodium Na', 'Gallium Ga', 'Tin Sn', 'Californium Cf', 'Silver Ag', 'Inert gas mixtures', 'Krypton gas Kr', 'Nickel Ni', 'Thallium Tl', 'Rhenium Re', 'Polonium Po']"
https://amitypacking.com/pork/ground-pork-retail.html,Ground Pork Retail,Workplace safety equipment and supplies and training materials,46210000,"['Workplace safety training video', 'Workplace safety training aids and materials', 'Workplace safety training kit', 'Minefield or mine hazard area marking signage', 'Work area warning posts and chains', 'Work area marking and visual indicators', 'Work area barricade tape and flags', 'Minefield or mine hazard area marker', 'Workplace safety training manual or handbook', 'Workplace safety internet based training']"
https://www.doublepickups.com/xo-magnetic-condenser-mic-systems?itemId=vuw4620lsxphgoffc2rmn5opvdxn18-rbf3g,Xo Magnetic Condenser Mic Systems,Mass transfer equipment,23200000,"['Adsorber vessel', 'Packed columns', 'Liquid dispersed contactor', 'Wetted wall column', 'Gas liquid contacting systems', 'Plate columns', 'Ambient pressure adsorber vessel', 'Distillation column packing', 'Food drying equipment', 'Distillation column', 'Adsorption and ion exchange', 'Air dryers', 'Fluidbed dryers', 'Bubble columns', 'Spray dryers', 'Industrial drying equipment', 'Distillation tray']"
https://www.peugeot-brunei.com/electric-and-hybrid.html,Electric And Hybrid,Statistics,81130000,"['Multivariate analysis', 'Regression analysis', 'Sampling surveys', 'Factor analysis', 'Time series analysis', 'Methodology and analysis']"
https://www.speedprint.pl/produkty/pokaz/winietki_boho,Winietki Boho,Rapid prototyping machinery and accessories,23260000,"['Inkjet method machine', 'Stereolithography machine', 'Fused deposition modeling machine', 'Laminated object manufacturing machine', 'Rapid prototyping machines', 'Laser powder forming machine', 'Three dimensional printing machine', 'Selective laser sintering machine']"
https://www.ryokeninstinct.com/collections/ruku-bars/products/ruku-bar-bison,Ruku Bar Bison,Edible oils and fats,50150000,"['Vegetable waxes', 'Edible animal fats', 'Soy milk', 'Edible vegetable and plant oils and fats', 'Edible animal oils', 'Edible animal oils and fats', 'Degras', 'Edible vegetable or plant oils', 'Edible vegetable or plant fats', 'Margarine and similar preparations']"
https://locozapoco.com/product-tag/100/,Product Tag,Machine made parts,31270000,"['Screw machine made parts', 'Metal screw machine made parts', 'Non metal screw machine made parts']"
https://arrozgelvez.com/gelvezconsienteapapa/,Gelvezconsienteapapa,Machine made parts,31270000,"['Screw machine made parts', 'Metal screw machine made parts', 'Non metal screw machine made parts']"
https://www.termotexsa.com/proyectos/galeras/,Galeras,Paper materials,14100000,"['Raw materials', 'Paper pulp']"
https://heritagesurfaces.com/color-story/brick/,Brick,Paper materials,14100000,"['Raw materials', 'Paper pulp']"
https://ukrop.tech/en/plastic-processing-as-a-business-solution/?replytocom=51,Plastic Processing As A Business Solution,Paper materials,14100000,"['Raw materials', 'Paper pulp']"
https://www.saraijiest.com/products/shawerma-equipment/shawarma-grill-5-burners/,Shawarma Grill 5 Burners,Chicken processing machinery and equipment,23220000,"['Vent cutter', 'Crate unloading system', 'Crate washer', 'Chicken defeathering machine', 'Arrival department machinery and equipment', 'Plucker or hide puller', 'Killing and defeathering department machinery and equipment', 'Stunner', 'Evisceration department machinery and equipment']"
https://oglinzi.biz/product/mercury-l99/,Mercury L99,Waxes and oils,12180000,"['Synthetic oils', 'Natural waxes', 'Synthetic waxes', 'Oils', 'Natural oils', 'Waxes', 'Paraffins', 'Petrolatums']"
https://www.swagcasuals.com/designer/customize/215375218?dp=2,Customize,Machine made parts,31270000,"['Screw machine made parts', 'Metal screw machine made parts', 'Non metal screw machine made parts']"
https://noxudol.com.ua/product/noxudol-300-aerozol-0-5l/,Noxudol 300 Aerozol 0 5L,Pharmaceutical drug precursors,12360000,"['Gamma-butyrolactone', '3,4-methylenedioxyphenyl-2-propanone', 'Red phosphorus', 'Ephedrine hydrochloride', 'Acetic anhydride', 'N-acetylanthranilic acid', 'Hydroiodic acid', 'Phenylacetic acid', 'Pseudoephedrine hydrochloride', '1-phenyl-2-propanone', 'Narcotic drug precursors', 'Hypophosphorous acid', 'Piperonal']"
https://www.specialfoods.fi/tuotteet/timbaalit/kalalihajabroileritimbaalit/annostimbaali-broileri-n-63x40g,Annostimbaali Broileri N 63X40G,Herbal drugs,51460000,"['Calcium/iodine', 'Gelsemium', 'Valerian', 'Ipecacuanha extract', 'Primula', 'Medicinal herbs', 'Chondroitin/glucosamine', 'Passion flower extract', 'Boneset', 'Gotu kola', 'Chelidonium majus', 'Hedera helix', 'Gumplant', 'Asafetida', 'Black cohosh', 'Combination herbs/alternative therapies', 'Ephedra', 'Centella asiatica extract', 'Eupatorium', 'Chondroitin/glucosamine/hyaluronate', 'Coccus cacti', 'Absinthium', 'Chondroitin/glucosamine/methylsulfonylmethane', 'Pimpinella', 'Saw palmetto', 'Coriander', 'Arnica', 'Cinnamomum', 'Commiphora myrrha resin', 'Milk thistle', 'Catnip', 'Pygeum africanum', 'Ginkgo biloba', 'Aralia', 'Aconitum napelus', 'Cascara sagrada', 'Bilberry', 'Aesculus', 'Ginseng', 'Chromium/cinnamon', 'Garlic', 'Angelica root', 'Balsam peru', 'Hydrastis', 'Kava', 'Eyebright', 'Soapwort', 'Abies balsamea resin']"
https://viko-bg.com/en/product/hydraulic-filters/,Hydraulic Filters,Paper materials,14100000,"['Raw materials', 'Paper pulp']"
https://www.freeplant.net/grains/amaranth/,Amaranth,Dried cut chrysanthemums,10430000,"['Dried cut evilio pompon chrysanthemum', 'Dried cut rebonnet disbud chrysanthemum', 'Dried cut valesca pompon chrysanthemum', 'Dried cut remco pompon chrysanthemum', 'Dried cut dipper pompon chrysanthemum', 'Dried cut river pompon chrysanthemum', 'Dried cut jeanny pompon chrysanthemum', 'Dried cut kiato pompon chrysanthemum', 'Dried cut madeira pompon chrysanthemum', 'Dried cut text pompon chrysanthemum', 'Dried cut yellow fiction pompon chrysanthemum', 'Dried cut return pompon chrysanthemum', 'Dried cut volare pompon chrysanthemum', 'Dried cut cremon sinatra disbud chrysanthemum', 'Dried cut tina pompon chrysanthemum', 'Dried cut shamrock spider chrysanthemum', 'Dried cut bronze centella pompon chrysanthemum', 'Dried cut furense pompon chrysanthemum', 'Dried cut guide pompon chrysanthemum', 'Dried cut life pompon chrysanthemum', 'Dried cut sweet pompon chrysanthemum', 'Dried cut dash pompon chrysanthemum', 'Dried cut white needle pompon chrysanthemum', 'Dried cut omaha pompon chrysanthemum', 'Dried cut sabrina pompon chrysanthemum', 'Dried cut cremon atlantis disbud chrysanthemum', 'Dried cut santini chrysanthemums', 'Dried cut marimo pompon chrysanthemum', 'Dried cut sizzle salmon pompon chrysanthemum', 'Dried cut factor pompon chrysanthemum', 'Dried cut pink balsas pompon chrysanthemum', 'Dried cut artist pink pompon chrysanthemum', 'Dried cut bradford orange pompon chrysanthemum', 'Dried cut atlantis white pompon chrysanthemum', 'Dried cut anastasia sunny spider chrysanthemum', 'Dried cut yellow stallion pompon chrysanthemum', 'Dried cut dark cantata pompon chrysanthemum', 'Dried cut reagan rosy pompon chrysanthemum', 'Dried cut sizzle yellow pompon chrysanthemum', 'Dried cut matrix pompon chrysanthemum', 'Dried cut football yellow disbud chrysanthemum', 'Dried cut kess pompon chrysanthemum', 'Dried cut viking orange pompon chrysanthemum', 'Dried cut juanes pompon chrysanthemum', 'Dried cut dorena pompon chrysanthemum', 'Dried cut cumbia pompon chrysanthemum', 'Dried cut white night pompon chrysanthemum', 'Dried cut cremon eleonora yellow disbud chrysanthemum', 'Dried cut hasting pompon chrysanthemum', 'Dried cut yoko ono pompon chrysanthemum', 'Dried cut pink reagan pompon chrysanthemum', 'Dried cut anastasia pink spider chrysanthemum', 'Dried cut regatta spider chrysanthemum', 'Dried cut fiction pompon chrysanthemum', 'Dried cut shock pompon chrysanthemum', 'Dried cut football lavender/pink disbud chrysanthemum', 'Dried cut bradford spider chrysanthemum', 'Dried cut discovery pompon chrysanthemum', 'Dried cut cremon ready disbud chrysanthemum', 'Dried cut orinoco pompon chrysanthemum', 'Dried cut vero pompon chrysanthemum', 'Dried cut white rhino pompon chrysanthemum', 'Dried cut annecy pink pompon chrysanthemum', 'Dried cut orinoco yellow pompon chrysanthemum', 'Dried cut dion pompon chrysanthemum', 'Dried cut bronze mood spider chrysanthemum', 'Dried cut revise pompon chrysanthemum', 'Dried cut deliflame pompon chrysanthemum', 'Dried cut refine pompon chrysanthemum', 'Dried cut yellow vero pompon chrysanthemum', 'Dried cut purple mundial pompon chrysanthemum', 'Dried cut kerry pompon chrysanthemum', 'Dried cut render spider chrysanthemum', 'Dried cut button chrysanthemums', 'Dried cut regatta pompon chrysanthemum', 'Dried cut reflect spider chrysanthemum', 'Dried cut anastasia green spider chrysanthemum', 'Dried cut salmon lineker pompon chrysanthemum', 'Dried cut yellow artist pompon chrysanthemum', 'Dried cut cremon annecy dark disbud chrysanthemum', 'Dried cut everglades pompon chrysanthemum', 'Dried cut atlantis pink pompon chrysanthemum', 'Dried cut miletta pompon chrysanthemum', 'Dried cut regalis pompon chrysanthemum', 'Dried cut spain flag pompon chrysanthemum', 'Dried cut novedad bronze cocarde pompon chrysanthemum', 'Dried cut super yellow spider chrysanthemum', 'Dried cut royal mundial pompon chrysanthemum', 'Dried cut troyes pompon chrysanthemum', 'Dried cut baron pompon chrysanthemum', 'Dried cut delistar white spider chrysanthemum', 'Dried cut athos pompon chrysanthemum', 'Dried cut raphael pompon chrysanthemum', 'Dried cut resomee pearl disbud chrysanthemum', 'Dried cut blaze disbud chrysanthemum', 'Dried cut cremon ivanna purple disbud chrysanthemum', 'Dried cut orange lineker pompon chrysanthemum', 'Dried cut renella pompon chrysanthemum', 'Dried cut bennie jolink pompon chrysanthemum', 'Dried cut dark lineker pompon chrysanthemum', 'Dried cut elite white pompon chrysanthemum', 'Dried cut white life pompon chrysanthemum', 'Dried cut football kiss disbud chrysanthemum', 'Dried cut lima pompon chrysanthemum', 'Dried cut pink costa pompon chrysanthemum', 'Dried cut minka spider chrysanthemum', 'Dried cut delirock pompon chrysanthemum', 'Dried cut lexy pompon chrysanthemum', 'Dried cut football disbud chrysanthemums', 'Dried cut resomac spider chrysanthemum', 'Dried cut white reagan pompon chrysanthemum', 'Dried cut digit pompon chrysanthemum', 'Dried cut zip pompon chrysanthemum', 'Dried cut elite yellow pompon chrysanthemum', 'Dried cut cremon atlantis pink disbud chrysanthemum', 'Dried cut delisun pompon chrysanthemum', 'Dried cut sheba pompon chrysanthemum', 'Dried cut bodega pompon chrysanthemum', 'Dried cut alma pompon chrysanthemum', 'Dried cut elite pink pompon chrysanthemum', 'Dried cut puma yellow pompon chrysanthemum', 'Dried cut splendid reagan pompon chrysanthemum', 'Dried cut super white spider chrysanthemum', 'Dried cut sunny reagan pompon chrysanthemum', 'Dried cut delistar yellow spider chrysanthemum', 'Dried cut novelty chrysanthemums', 'Dried cut anastasia purple spider chrysanthemum', 'Dried cut cremon minka pink disbud chrysanthemum', 'Dried cut cremon idea disbud chrysanthemum', 'Dried cut cremon eleonora snow disbud chrysanthemum', 'Dried cut statesman pompon chrysanthemum', 'Dried cut leidy pompon chrysanthemum', 'Dried cut creta pompon chrysanthemum', 'Dried cut tender spider chrysanthemum', 'Dried cut panuco red pompon chrysanthemum', 'Dried cut residence disbud chrysanthemum', 'Dried cut resolute spider chrysanthemum', 'Dried cut sizzle pink pompon chrysanthemum', 'Dried cut redock pompon chrysanthemum', 'Dried cut kiwi pompon chrysanthemum', 'Dried cut biarritz pompon chrysanthemum', 'Dried cut yellow sharp pompon chrysanthemum', 'Dried cut zenith pompon chrysanthemum', 'Dried cut cremon disbud chrysanthemums', 'Dried cut bennie jolink yellow pompon chrysanthemum', 'Dried cut kiato green pompon chrysanthemum', 'Dried cut candor pompon chrysanthemum', 'Dried cut artist yellow pompon chrysanthemum', 'Dried cut reagan ivory pompon chrysanthemum', 'Dried cut promenade disbud chrysanthemum', 'Dried cut managua orange pompon chrysanthemum', 'Dried cut tinsel pompon chrysanthemum', 'Dried cut improved reagan pompon chrysanthemum', 'Dried cut touch pompon chrysanthemum', 'Dried cut sabas pompon chrysanthemum', 'Dried cut sizzle pompon chrysanthemum', 'Dried cut ole pompon chrysanthemum', 'Dried cut reflex disbud chrysanthemum', 'Dried cut sizzle green pompon chrysanthemum', 'Dried cut coral fiction pompon chrysanthemum', 'Dried cut viking pompon chrysanthemum', 'Dried cut clue pompon chrysanthemum', 'Dried cut repertoire spider chrysanthemum', 'Dried cut lupo pompon chrysanthemum', 'Dried cut pirouette spider chrysanthemum', 'Dried cut shakira white pompon chrysanthemum', 'Dried cut sizzle purple pompon chrysanthemum', 'Dried cut bistro pompon chrysanthemum', 'Dried cut focus pompon chrysanthemum', 'Dried cut football resouci disbud chrysanthemum', 'Dried cut football white disbud chrysanthemum', 'Dried cut rebasco pompon chrysanthemum', 'Dried cut cremon eleonora pink disbud chrysanthemum', 'Dried cut ardilo royal pompon chrysanthemum', 'Dried cut candle pompon chrysanthemum', 'Dried cut decima pompon chrysanthemum', 'Dried cut target pompon chrysanthemum', 'Dried cut anastasia white spider chrysanthemum', 'Dried cut orinoco purple pompon chrysanthemum', 'Dried cut starburst or snowflake pompon chrysanthemum', 'Dried cut anastasia dark bronze spider chrysanthemum', 'Dried cut handsome pompon chrysanthemum', 'Dried cut high five pompon chrysanthemum', 'Dried cut breeze pompon chrysanthemum', 'Dried cut bronze managua pompon chrysanthemum', 'Dried cut magnet pompon chrysanthemum', 'Dried cut resouci disbud chrysanthemum', 'Dried cut monalisa pompon chrysanthemum', 'Dried cut watch pompon chrysanthemum', 'Dried cut costa white pompon chrysanthemum', 'Dried cut spider chrysanthemums', 'Dried cut pacific green pompon chrysanthemum', 'Dried cut rover red chrysanthemum', 'Dried cut bernardo pompon chrysanthemum', 'Dried cut puma white pompon chrysanthemum', 'Dried cut sharp pompon chrysanthemum', 'Dried cut atlantis yellow pompon chrysanthemum', 'Dried cut anastasia lilac spider chrysanthemum', 'Dried cut natasha sunny spider chrysanthemum', 'Dried cut bradford pompon chrysanthemum', 'Dried cut tedcha orange pompon chrysanthemum', 'Dried cut petra pompon chrysanthemum', 'Dried cut anastasia bronze spider chrysanthemum', 'Dried cut zembla spider chrysanthemum', 'Dried cut cremon eleonora bronze disbud chrysanthemum', 'Dried cut swan pompon chrysanthemum', 'Dried cut delilah pompon chrysanthemum', 'Dried cut daisy pompon chrysanthemums', 'Dried cut tender pompon chrysanthemum', 'Dried cut force pompon chrysanthemum', 'Dried cut dublin pompon chrysanthemum', 'Dried cut lady pompon chrysanthemum', 'Dried cut cremon eleonora lilac disbud chrysanthemum', 'Dried cut sirius pompon chrysanthemum', 'Dried cut pink mona lisa pompon chrysanthemum', 'Dried cut orange reagan pompon chrysanthemum', 'Dried cut improved mundial pompon chrysanthemum']"
https://maxx-solar.de/solarcarport-ladesaeule-elektroauto/solarcarport-mit-ladestation/,Solarcarport Mit Ladestation,Defense and law enforcement and security and safety training equipment,46200000,"['Public safety training equipment', 'Small arms weapons training equipment', 'Imitation rifle', 'Disaster management training simulation system', 'Firing or shooting range', 'Rescue mannequin']"
https://www.orion-plasma.com/production/interaktivnye-doski/orion-olsk-5540ll.html,Orion Olsk 5540Ll,Rapid prototyping machinery and accessories,23260000,"['Inkjet method machine', 'Stereolithography machine', 'Fused deposition modeling machine', 'Laminated object manufacturing machine', 'Rapid prototyping machines', 'Laser powder forming machine', 'Three dimensional printing machine', 'Selective laser sintering machine']"
https://www.ada-natural.com/bitkisel-sabunlar/tarcinli-sabun,Tarcinli Sabun,General agreements and contracts,64130000,"['Basic agreement', 'Contracts', 'Time and materials contract', 'Fixed price contract', 'Agreements', 'Cost reimbursement contract', 'Letter contract', 'Labor hour contract', 'Indefinite delivery contract', 'Basic ordering agreement', 'Incentive contract']"
http://wormandgearset.top/page/10/,Wormandgearset,Paper materials,14100000,"['Raw materials', 'Paper pulp']"
https://lafeda.pl/krotkie-spodenki-paski,Krotkie Spodenki Paski,Machine made parts,31270000,"['Screw machine made parts', 'Metal screw machine made parts', 'Non metal screw machine made parts']"
https://www.biovenic.org/chicken.htm,Chicken,Paper materials,14100000,"['Raw materials', 'Paper pulp']"
https://www.ellachilena.cl/en/aro-mariposa,Aro Mariposa,Machine made parts,31270000,"['Screw machine made parts', 'Metal screw machine made parts', 'Non metal screw machine made parts']"
https://pleasingcare.com/collections/natural-premium-oil-absorbing-blotting-sheet/?sort_by=price-descending,Natural Premium Oil Absorbing Blotting Sheet,Fuel for nuclear reactors,15130000,"['Depleted uranium', 'Nuclear fuel', 'Nuclear fuel rod', 'Iridium', 'Spent or irradiated nuclear fuel rod', 'Fission fuel assemblies', 'Enriched uranium', 'Depleted plutonium', 'Enriched plutonium']"
https://www.universaloverall.com/outerwear/,Outerwear,Paper materials,14100000,"['Raw materials', 'Paper pulp']"
http://www.bhagwantraders.com/tools/cid-54048379-66343917,Tools,Rapid prototyping machinery and accessories,23260000,"['Inkjet method machine', 'Stereolithography machine', 'Fused deposition modeling machine', 'Laminated object manufacturing machine', 'Rapid prototyping machines', 'Laser powder forming machine', 'Three dimensional printing machine', 'Selective laser sintering machine']"
http://tavolinifloors.com/novo-4/?open=modal,Novo 4,Paper materials,14100000,"['Raw materials', 'Paper pulp']"
https://www.buywarmall.com/en/page/warmall-floor-heating-kits,Warmall Floor Heating Kits,Fuel for nuclear reactors,15130000,"['Depleted uranium', 'Nuclear fuel', 'Nuclear fuel rod', 'Iridium', 'Spent or irradiated nuclear fuel rod', 'Fission fuel assemblies', 'Enriched uranium', 'Depleted plutonium', 'Enriched plutonium']"
http://www.marmorariafelcon.com.br/soleiras,Soleiras,Mixers and their parts and accessories,23190000,"['Sand mixer', 'Roll mixers', 'Helical blade mixer', 'Continuous mixers', 'Single screw mixers', 'Mixer blades', 'Twin screw extruder', 'Double arm kneading mixers', 'Batch mixers', 'Intensive mixers', 'Mixer parts and accessories', 'Mixer plows', 'Change can mixers']"
https://tuwica.ru/solutions/metallicheskaya-lenta/sistema-pervichnogo-protira-provoloki/,Sistema Pervichnogo Protira Provoloki,Educational facilities,86140000,"['Students hobby clubs', 'Educational advisory services', 'Universities cooperation guidance services', 'Tuition reimbursement programs', 'Students organizations', 'Students unions', 'Language laboratories', 'Students travelling organizations', 'Educational guidance services', 'Study abroad advisory services', 'Computer programmed instruction', 'Educational technology', 'Library or documentation services', 'Audio visual technology']"
http://www.bhagwantraders.com/cable-staples/cid-94623946-94623946,Cable Staples,Paper materials,14100000,"['Raw materials', 'Paper pulp']"
https://www.blissgvs.com/chlorhexidine/,Chlorhexidine,Waxes and oils,12180000,"['Synthetic oils', 'Natural waxes', 'Synthetic waxes', 'Oils', 'Natural oils', 'Waxes', 'Paraffins', 'Petrolatums']"
https://awwwholesale.com/products/golden-oaks-softie-fall-collection?_pos=1&_sid=74d61a519&_ss=r,Golden Oaks Softie Fall Collection,Merchandising furniture and accessories,56130000,"['Paint color center component', 'Bust forms', 'Head forms', 'Waterfalls or straight arm face outs', 'Merchandise baskets', 'Paint chain board', 'Free standing display poles', 'Merchandiser free standing display and accessories', 'Merchandiser installation hardware, shelving systems and accessories', 'Paint color fan deck', 'Floor stands', 'Neck forms', 'Hang rails', 'Full body form or mannequin', 'Mannequins and forms', 'Color inspiration selection', 'Sales counters']"
https://www.jekkousa.com/jekko-usa-is-lifting-autism-awareness-fundraising-for-the-kennedy-krieger-institute/,Jekko Usa Is Lifting Autism Awareness Fundraising For The Kennedy Krieger Institute,Machine made parts,31270000,"['Screw machine made parts', 'Metal screw machine made parts', 'Non metal screw machine made parts']"
https://www.oldbeleaf.com/collections/bar-soaps/products/activated-charcoal-soap-bar,Activated Charcoal Soap Bar,Fuel for nuclear reactors,15130000,"['Depleted uranium', 'Nuclear fuel', 'Nuclear fuel rod', 'Iridium', 'Spent or irradiated nuclear fuel rod', 'Fission fuel assemblies', 'Enriched uranium', 'Depleted plutonium', 'Enriched plutonium']"
https://www.ladyjayne.com/medallions,Medallions,Launchers,46140000,"['Missile launchers', 'Missile and rocket launchers', 'Rocket launchers']"
https://www.terradosgraos.com/granola-salgada/granola-salgada-ervas-finas-,Granola Salgada Ervas Finas ,Herbal drugs,51460000,"['Calcium/iodine', 'Gelsemium', 'Valerian', 'Ipecacuanha extract', 'Primula', 'Medicinal herbs', 'Chondroitin/glucosamine', 'Passion flower extract', 'Boneset', 'Gotu kola', 'Chelidonium majus', 'Hedera helix', 'Gumplant', 'Asafetida', 'Black cohosh', 'Combination herbs/alternative therapies', 'Ephedra', 'Centella asiatica extract', 'Eupatorium', 'Chondroitin/glucosamine/hyaluronate', 'Coccus cacti', 'Absinthium', 'Chondroitin/glucosamine/methylsulfonylmethane', 'Pimpinella', 'Saw palmetto', 'Coriander', 'Arnica', 'Cinnamomum', 'Commiphora myrrha resin', 'Milk thistle', 'Catnip', 'Pygeum africanum', 'Ginkgo biloba', 'Aralia', 'Aconitum napelus', 'Cascara sagrada', 'Bilberry', 'Aesculus', 'Ginseng', 'Chromium/cinnamon', 'Garlic', 'Angelica root', 'Balsam peru', 'Hydrastis', 'Kava', 'Eyebright', 'Soapwort', 'Abies balsamea resin']"
https://www.rigetti.com/get-quantum,Get Quantum,Machine made parts,31270000,"['Screw machine made parts', 'Metal screw machine made parts', 'Non metal screw machine made parts']"
https://www.sky-rayinstrument.com/xrf-spectrometer/gold-analyzer/xrf-precious-metal-analyzer.html,Xrf Precious Metal Analyzer,Statistics,81130000,"['Multivariate analysis', 'Regression analysis', 'Sampling surveys', 'Factor analysis', 'Time series analysis', 'Methodology and analysis']"
https://estore.perfetto.com.vn/may-pha-ca-phe-tu-dong-lacimbali-s15-cp10-milkps,May Pha Ca Phe Tu Dong Lacimbali S15 Cp10 Milkps,Automation control devices and components and accessories,32150000,"['Electronic circuit equalizer', 'Safety instrumented packaged system SIS', 'Programmable Logic Controller Accessories', 'Process control or packaged automation systems', 'Control system wiring', 'Control system splitter', 'Field attachable connector', 'Safety control devices', 'Control system distribution box', 'Through panel control connection system', 'Load switch IEC', 'Programmable logic controller chassis I/O subsystem', 'Programmable Logic Controller Chassis', 'Programmable logic controller input output housing', 'Control network linking device', 'Safety light curtain and scanner', 'Programmable logic controller distributed in cabinet I/O subsystem', 'Stack Light', 'Bulkhead pass through connector', 'Control system Y cable', 'Safety mat and edge', 'Light module', 'Control system receptacle', 'Programmable Logic Controller Power Supply', 'Programmable Logic Controllers', 'Safety isolation system', 'Automation control connectivity devices', 'Programmable logic controller subsystems', 'Programmable logic controller distributed on machine I/O subsystem', 'Control sound module', 'Supervisory control and data acquisition packaged system SCADA', 'Programmable logic controller Input output doors', 'Control network PC interface', 'Distributed control packaged system DCS', 'Programmable Logic Controller Programming Device', 'Programmable Logic Controller Module', 'Control system patchcord', 'Control system cordset', 'Control indicating and signaling devices', 'Safety Control Module']"
https://www.andbud.pl/wnetrza/inspirujace-mieszkanie-w-kamienicy-w-wydaniu-before-after/,Inspirujace Mieszkanie W Kamienicy W Wydaniu Before After,General agreements and contracts,64130000,"['Basic agreement', 'Contracts', 'Time and materials contract', 'Fixed price contract', 'Agreements', 'Cost reimbursement contract', 'Letter contract', 'Labor hour contract', 'Indefinite delivery contract', 'Basic ordering agreement', 'Incentive contract']"
https://www.pmr.sk/komponenty-pre-stavebnictvo/,Komponenty Pre Stavebnictvo,Performing arts,90130000,"['Live performances', 'Videotaped entertainment', 'Cinema distribution service', 'Opera', 'Motion pictures', 'Theatrical performances or plays', 'Concerts', 'Dance performances', 'Taped or motion picture performances']"
https://www.leecabeshoes.com/en-fr/products/100mm-womens-pointed-toe-pumps-wedding-party-red-bottoms-high-heels-stiletto-shoes-30,100Mm Womens Pointed Toe Pumps Wedding Party Red Bottoms High Heels Stiletto Shoes 30,Alloys,11170000,"['Nickel based super alloys', 'Magnesium aluminum alloy', 'Stainless steel alloy 304', 'Low carbon ferro manganese alloy', 'Pygmalion or 846 alloy', 'Inconel 600 super alloy', 'Stainless steel alloy 316', 'Z90WDCV6542 or M2 high speed steel', 'Aluminum based alloys', 'E24-2 or A37-2 steel', 'Aluminum remelt', 'Silicon manganese alloy', 'Cobalt based super alloys', 'Titanium based super alloys', 'Basic steels', 'Stainless steel alloys', 'Ferro nickel alloy', 'Ferro manganese alloy', 'TA6V super alloy', 'Aluminum iron alloy', 'Manganese based alloys', 'Aluminum alloy 7178', 'Z90WDKCV65542 or M35 high speed steel', 'High speed steels', 'Magnesium based alloys', 'Stainless steel alloy 304l', 'Med carbon ferro manganese alloy']"
https://careofyourbeauty.com/product/lymphatic-drainage-shower-gel-1887/,Lymphatic Drainage Shower Gel 1887,Fuel for nuclear reactors,15130000,"['Depleted uranium', 'Nuclear fuel', 'Nuclear fuel rod', 'Iridium', 'Spent or irradiated nuclear fuel rod', 'Fission fuel assemblies', 'Enriched uranium', 'Depleted plutonium', 'Enriched plutonium']"
http://pcelec.cn/Power-juicer-PC720_p932.html,Power Juicer Pc720 P932,Paper materials,14100000,"['Raw materials', 'Paper pulp']"
http://pinnaclefanboard.com/%ef%bb%bfempty-mut/,ï»¿Empty Mut,Machine made parts,31270000,"['Screw machine made parts', 'Metal screw machine made parts', 'Non metal screw machine made parts']"
http://www.qhzwjs.com/haibei/,Haibei,Paper materials,14100000,"['Raw materials', 'Paper pulp']"
http://www.qhzwjs.com/menyuan/,Menyuan,Paper materials,14100000,"['Raw materials', 'Paper pulp']"
https://pcelec.cn/injection-line.html,Injection Line,Waxes and oils,12180000,"['Synthetic oils', 'Natural waxes', 'Synthetic waxes', 'Oils', 'Natural oils', 'Waxes', 'Paraffins', 'Petrolatums']"
https://arkpol.org.pl/index.php/o-firmie,O Firmie,Paper materials,14100000,"['Raw materials', 'Paper pulp']"
https://www.mulinolab301.com/prodotto/il-grano-tenero-biologico-lab-selection/,Il Grano Tenero Biologico Lab Selection,Rapid prototyping machinery and accessories,23260000,"['Inkjet method machine', 'Stereolithography machine', 'Fused deposition modeling machine', 'Laminated object manufacturing machine', 'Rapid prototyping machines', 'Laser powder forming machine', 'Three dimensional printing machine', 'Selective laser sintering machine']"
http://www.pcelec.cn/Slow-juicer_p934.html,Slow Juicer P934,Machine made parts,31270000,"['Screw machine made parts', 'Metal screw machine made parts', 'Non metal screw machine made parts']"
https://www.coastlinecomposites.com/market/frp-commuter-rail/frp-ada-accessibility-rail-platforms/,Frp Ada Accessibility Rail Platforms,Gambling or wagering equipment,48120000,"['Poker or slot machines', 'Card tables', 'Gambling management and networked wagering systems', 'Gambling tables and games', 'Coin operated gambling machines', 'Table gambling management systems', 'Lottery machine', 'Networked wagering games', 'Roulette wheels']"
https://www.phida-lighting.com/PH-LED600-1530-pd40562459.html,Ph Led600 1530 Pd40562459,Rapid prototyping machinery and accessories,23260000,"['Inkjet method machine', 'Stereolithography machine', 'Fused deposition modeling machine', 'Laminated object manufacturing machine', 'Rapid prototyping machines', 'Laser powder forming machine', 'Three dimensional printing machine', 'Selective laser sintering machine']"
https://www.polylighting.net/en/eclairage-piscine/174-spot-encastre-inox-93w-power-led-24vdc.html,174 Spot Encastre Inox 93W Power Led 24Vdc,Elements and gases,12140000,"['Silicon Si', 'Copper Cu', 'Non metals and pure and elemental gases', 'Molybdenum Mo', 'Hassium Hs', 'Hafnium Hf', 'Carbon dioxide gas CO2', 'Manganese Mn', 'Bohrium Bh', 'Cadmium Ca', 'Rubidium Rb', 'Transition metals', 'Neptunium Np', 'Alpha sources', 'Dry ice', 'Uranium U', 'Gamma sources', 'Ytterbium Yb', 'Strontium Sr', 'Lithium Li', 'Aluminum Al', 'Europium Eu', 'Actinium Ac', 'Yttrium Y', 'Lutetium Lu', 'Hydrogen sulfide', 'Argon gas Ar', 'Hydrogen H', 'Zinc Zn', 'Zirconium Zr', 'Lead Pb', 'Americium Am', 'Hydrogen compound gases', 'Neodymium Nd', 'Nitrogen N', 'Liquid ammonia', 'Calibration sources', 'Titanium Ti', 'Einsteinium Es', 'Ununnilium Uum', 'Unununium Uuu', 'Bismuth Bi', 'Praseodymium Pr', 'Platinum Pt', 'Noble gases', 'Calcium Ca', 'Iodine I', 'Cerium Ce', 'Protactinium Pa', 'Dysprosium Dy', 'Radon gas Rn', 'Beryllium Be', 'Tantalum Ta', 'Holmium Ho', 'Chlorine Cl', 'Earth metals', 'Palladium Pd', 'Cesium Cs', 'Radium Ra', 'Antimony Sb', 'Barium Ba', 'Heavy water', 'Iron Fe', 'Ruthenium Ru', 'Radioisotope sources', 'Scandium Sc', 'Germanium Ge', 'Osmium Os', 'Plutonium Pu', 'Iridium Ir', 'Dubnium Db', 'Xenon gas Xe', 'Vanadium V', 'Curium Cm', 'Cobalt Co', 'Ununbium Uub', 'Seaborgium Sg', 'Carbon monoxide', 'Bromine Br', 'Chromium Cr', 'Samarium Sm', 'Rhodium Rh', 'Promethium Pm', 'Tellurium Te', 'Oxygen O', 'Astatine At', 'Mendelevium Md', 'Terbium Tb', 'Erbium Er', 'Magnesium Mg', 'Lawrencium Lr', 'Francium Fm', 'Indium In', 'Gold Au', 'Chlorinated mixed gases', 'Lanthanum La', 'Isotopes', 'Fermium Fm', 'Rutherfordium Rf', 'Mercury Hg', 'Selenium Se', 'Fluorine F', 'Niobium Nb', 'Carbon C', 'Industrial use gases', 'Sulfur S', 'Tungsten W', 'Potassium K', 'Thorium Th', 'Alkali metals', 'Boron B', 'Gadolinium Gd', 'Industrial air', 'Technetium Te', 'Nobelium No', 'Neon gas Ne', 'Berkelium Bk', 'Phosphorus P', 'Cobalt sources', 'Arsenic As', 'Helium gas He', 'Ammonia', 'Thulium Tm', 'Rare earth metals', 'Deuterated solvents', 'Beta sources', 'Sodium Na', 'Gallium Ga', 'Tin Sn', 'Californium Cf', 'Silver Ag', 'Inert gas mixtures', 'Krypton gas Kr', 'Nickel Ni', 'Thallium Tl', 'Rhenium Re', 'Polonium Po']"
https://www.gewaechshausprofi.com/hochbeet-anlegen-guenstig-schichten-garten-gemuese/,Hochbeet Anlegen Guenstig Schichten Garten Gemuese,Raw materials processing machinery,23100000,"['Oscillating spindle sander', 'Sawing machines', 'Glue roller spreader', 'Tenoner or tenoning machine', 'Machine to make wood music instruments', 'Wire cathode electrode discharge machine', 'Sanding machines', 'Dovetail machine', 'Turning machines', 'Shot peen machine', 'Chip breaker', 'Belt and disc sander', 'Gaining machine', 'Ram electro discharge machines', 'Glass bead peener machines', 'Drilling machines', 'Grit blast machines', 'Coping machines', 'Planing machines', 'Polishing machines', 'Boring machines', 'Cutting machines', 'Milling machines', 'Molding machines', 'Broaching machines', 'Robot machines', 'Grinding machines', 'Cold press', 'Machinery for working wood and stone and ceramic and the like', 'Drum sander', 'Dowel machine', 'Engraving machines', 'Combination woodworking machine', 'Woodworking jointer', 'Bending machines', 'Finger jointing machine', 'Edge bander']"
http://www.mingleehk.com/index.php?route=product/product&product_id=576,Product&Product Id=576,Machine made parts,31270000,"['Screw machine made parts', 'Metal screw machine made parts', 'Non metal screw machine made parts']"
https://www.toconeos.cz/luzkoviny-z-ovci-vlny-francouzska-deka-basic-wool:dotaz/,Luzkoviny Z Ovci Vlny Francouzska Deka Basic Wool:Dotaz,Herbal drugs,51460000,"['Calcium/iodine', 'Gelsemium', 'Valerian', 'Ipecacuanha extract', 'Primula', 'Medicinal herbs', 'Chondroitin/glucosamine', 'Passion flower extract', 'Boneset', 'Gotu kola', 'Chelidonium majus', 'Hedera helix', 'Gumplant', 'Asafetida', 'Black cohosh', 'Combination herbs/alternative therapies', 'Ephedra', 'Centella asiatica extract', 'Eupatorium', 'Chondroitin/glucosamine/hyaluronate', 'Coccus cacti', 'Absinthium', 'Chondroitin/glucosamine/methylsulfonylmethane', 'Pimpinella', 'Saw palmetto', 'Coriander', 'Arnica', 'Cinnamomum', 'Commiphora myrrha resin', 'Milk thistle', 'Catnip', 'Pygeum africanum', 'Ginkgo biloba', 'Aralia', 'Aconitum napelus', 'Cascara sagrada', 'Bilberry', 'Aesculus', 'Ginseng', 'Chromium/cinnamon', 'Garlic', 'Angelica root', 'Balsam peru', 'Hydrastis', 'Kava', 'Eyebright', 'Soapwort', 'Abies balsamea resin']"
http://ampeg.com.cn/report/,Report,Governmental property right conferrals,64140000,"['Nation based copyright', 'International servicemark system servicemark', 'International intellectual property protection products', 'International trademark system trademark', 'Nation based servicemark', 'Nation based patent', 'Patent cooperation treaty patent', 'National intellectual property protection products', 'International copyright', 'Nation based trademark']"
https://amionindia.com/product-category/fogging-machine/,Fogging Machine,Paper materials,14100000,"['Raw materials', 'Paper pulp']"
https://www.wtcmachinery.com/products/hydraulic-cylinder-repair-stands/hcrs-1c-medium-duty,Hcrs 1C Medium Duty,Launchers,46140000,"['Missile launchers', 'Missile and rocket launchers', 'Rocket launchers']"
https://www.linearcircle.com/product/venture-line-vintage-atomic-egg-chair-bluetooth-enabled,Venture Line Vintage Atomic Egg Chair Bluetooth Enabled,Merchandising furniture and accessories,56130000,"['Paint color center component', 'Bust forms', 'Head forms', 'Waterfalls or straight arm face outs', 'Merchandise baskets', 'Paint chain board', 'Free standing display poles', 'Merchandiser free standing display and accessories', 'Merchandiser installation hardware, shelving systems and accessories', 'Paint color fan deck', 'Floor stands', 'Neck forms', 'Hang rails', 'Full body form or mannequin', 'Mannequins and forms', 'Color inspiration selection', 'Sales counters']"
https://www.sellosdegomaonline.com/sellos-para-ropa/?mobile=1,Sellos Para Ropa,Paper materials,14100000,"['Raw materials', 'Paper pulp']"
http://www.indiaunozero.it/catalogo/Fari-di-Ricerca-e-Perimetrali/Torri-Faro.aspx,Torri Faro,Packings glands boots and covers,31180000,"['Automotive transmission shift lever boot', 'Stuffing box', 'Packings', 'Glands', 'Oil slingers', 'Automotive boots and covers', 'Ignition boot', 'Packings and glands', 'Seal backup ring']"
https://au.podandparcel.com/extras/fressko-bino-cup/fressko-bino-cup-snow,Fressko Bino Cup Snow,Merchandising furniture and accessories,56130000,"['Paint color center component', 'Bust forms', 'Head forms', 'Waterfalls or straight arm face outs', 'Merchandise baskets', 'Paint chain board', 'Free standing display poles', 'Merchandiser free standing display and accessories', 'Merchandiser installation hardware, shelving systems and accessories', 'Paint color fan deck', 'Floor stands', 'Neck forms', 'Hang rails', 'Full body form or mannequin', 'Mannequins and forms', 'Color inspiration selection', 'Sales counters']"
https://www.sonpin.com.tw/product/14386?page=1,Product,Waxes and oils,12180000,"['Synthetic oils', 'Natural waxes', 'Synthetic waxes', 'Oils', 'Natural oils', 'Waxes', 'Paraffins', 'Petrolatums']"
http://www.indiaunozero.it/catalogo/Faretti-Lampeggianti.aspx,Faretti Lampeggianti,Machine made parts,31270000,"['Screw machine made parts', 'Metal screw machine made parts', 'Non metal screw machine made parts']"
https://craveforride.com/pages/retailers-list,Retailers List,Machine made parts,31270000,"['Screw machine made parts', 'Metal screw machine made parts', 'Non metal screw machine made parts']"
https://zo-on.is/collections/black-label,Black Label,Paper materials,14100000,"['Raw materials', 'Paper pulp']"
http://www.indiaunozero.it/catalogo/Barre-Lampeggianti-Ambra.aspx,Barre Lampeggianti Ambra,General agreements and contracts,64130000,"['Basic agreement', 'Contracts', 'Time and materials contract', 'Fixed price contract', 'Agreements', 'Cost reimbursement contract', 'Letter contract', 'Labor hour contract', 'Indefinite delivery contract', 'Basic ordering agreement', 'Incentive contract']"
https://hardyshapes.com/collections/all-boards/products/lilly-pollard-blue-nrg,Lilly Pollard Blue Nrg,Elements and gases,12140000,"['Silicon Si', 'Copper Cu', 'Non metals and pure and elemental gases', 'Molybdenum Mo', 'Hassium Hs', 'Hafnium Hf', 'Carbon dioxide gas CO2', 'Manganese Mn', 'Bohrium Bh', 'Cadmium Ca', 'Rubidium Rb', 'Transition metals', 'Neptunium Np', 'Alpha sources', 'Dry ice', 'Uranium U', 'Gamma sources', 'Ytterbium Yb', 'Strontium Sr', 'Lithium Li', 'Aluminum Al', 'Europium Eu', 'Actinium Ac', 'Yttrium Y', 'Lutetium Lu', 'Hydrogen sulfide', 'Argon gas Ar', 'Hydrogen H', 'Zinc Zn', 'Zirconium Zr', 'Lead Pb', 'Americium Am', 'Hydrogen compound gases', 'Neodymium Nd', 'Nitrogen N', 'Liquid ammonia', 'Calibration sources', 'Titanium Ti', 'Einsteinium Es', 'Ununnilium Uum', 'Unununium Uuu', 'Bismuth Bi', 'Praseodymium Pr', 'Platinum Pt', 'Noble gases', 'Calcium Ca', 'Iodine I', 'Cerium Ce', 'Protactinium Pa', 'Dysprosium Dy', 'Radon gas Rn', 'Beryllium Be', 'Tantalum Ta', 'Holmium Ho', 'Chlorine Cl', 'Earth metals', 'Palladium Pd', 'Cesium Cs', 'Radium Ra', 'Antimony Sb', 'Barium Ba', 'Heavy water', 'Iron Fe', 'Ruthenium Ru', 'Radioisotope sources', 'Scandium Sc', 'Germanium Ge', 'Osmium Os', 'Plutonium Pu', 'Iridium Ir', 'Dubnium Db', 'Xenon gas Xe', 'Vanadium V', 'Curium Cm', 'Cobalt Co', 'Ununbium Uub', 'Seaborgium Sg', 'Carbon monoxide', 'Bromine Br', 'Chromium Cr', 'Samarium Sm', 'Rhodium Rh', 'Promethium Pm', 'Tellurium Te', 'Oxygen O', 'Astatine At', 'Mendelevium Md', 'Terbium Tb', 'Erbium Er', 'Magnesium Mg', 'Lawrencium Lr', 'Francium Fm', 'Indium In', 'Gold Au', 'Chlorinated mixed gases', 'Lanthanum La', 'Isotopes', 'Fermium Fm', 'Rutherfordium Rf', 'Mercury Hg', 'Selenium Se', 'Fluorine F', 'Niobium Nb', 'Carbon C', 'Industrial use gases', 'Sulfur S', 'Tungsten W', 'Potassium K', 'Thorium Th', 'Alkali metals', 'Boron B', 'Gadolinium Gd', 'Industrial air', 'Technetium Te', 'Nobelium No', 'Neon gas Ne', 'Berkelium Bk', 'Phosphorus P', 'Cobalt sources', 'Arsenic As', 'Helium gas He', 'Ammonia', 'Thulium Tm', 'Rare earth metals', 'Deuterated solvents', 'Beta sources', 'Sodium Na', 'Gallium Ga', 'Tin Sn', 'Californium Cf', 'Silver Ag', 'Inert gas mixtures', 'Krypton gas Kr', 'Nickel Ni', 'Thallium Tl', 'Rhenium Re', 'Polonium Po']"
https://www.bigmikes.de/tonka-vanillezucker,Tonka Vanillezucker,Launchers,46140000,"['Missile launchers', 'Missile and rocket launchers', 'Rocket launchers']"
https://everjoys.com/tags/index.html,Tags,Paper materials,14100000,"['Raw materials', 'Paper pulp']"
https://www.copperchef.com.tw/products/kc20016-23200,Kc20016 23200,Paper materials,14100000,"['Raw materials', 'Paper pulp']"
https://www.arteck-design.fr/seminaire-annuel-2023/,Seminaire Annuel 2023,Paper materials,14100000,"['Raw materials', 'Paper pulp']"
https://africandreamfoods.com/products/spicy-yet-sweet-variety-3-pack,Spicy Yet Sweet Variety 3 Pack,Merchandising furniture and accessories,56130000,"['Paint color center component', 'Bust forms', 'Head forms', 'Waterfalls or straight arm face outs', 'Merchandise baskets', 'Paint chain board', 'Free standing display poles', 'Merchandiser free standing display and accessories', 'Merchandiser installation hardware, shelving systems and accessories', 'Paint color fan deck', 'Floor stands', 'Neck forms', 'Hang rails', 'Full body form or mannequin', 'Mannequins and forms', 'Color inspiration selection', 'Sales counters']"
https://jonnarcisso.com/products/i-have-an-attitude-problem,I Have An Attitude Problem,Paper materials,14100000,"['Raw materials', 'Paper pulp']"
https://www.japan-star.com/wash_pro,Wash Pro,Paper materials,14100000,"['Raw materials', 'Paper pulp']"
https://www.bobscustomplates.com/product-page/prs-usa-backplate-tremolo-and-truss-set,Prs Usa Backplate Tremolo And Truss Set,Packings glands boots and covers,31180000,"['Automotive transmission shift lever boot', 'Stuffing box', 'Packings', 'Glands', 'Oil slingers', 'Automotive boots and covers', 'Ignition boot', 'Packings and glands', 'Seal backup ring']"
https://www.digitalprintea.com/timbri/,Timbri,Decorative adornments,56140000,"['Glass vase', 'Ceramic statuette or figurine', 'Wooden bowl', 'Ceramic adornments', 'Ceramic vase', 'Glass bowl', 'Metal chest or box', 'Metal figurine or statuette', 'Wooden chest or box', 'Metal adornments', 'Ceramic bowl', 'Ceramic plate or platter', 'Glass plate or platter', 'Glass statuette or figurine', 'Glass adornments', 'Metal bowl', 'Wooden figurine or statuette', 'Wooden adornments']"
https://laundry-alternative.com/products/poseidon-portable-washer-with-real-agitator-unique-foldup-design,Poseidon Portable Washer With Real Agitator Unique Foldup Design,Packings glands boots and covers,31180000,"['Automotive transmission shift lever boot', 'Stuffing box', 'Packings', 'Glands', 'Oil slingers', 'Automotive boots and covers', 'Ignition boot', 'Packings and glands', 'Seal backup ring']"
https://www.qpoindia.com/product-page/innova-crysta-automatic,Innova Crysta Automatic,Rapid prototyping machinery and accessories,23260000,"['Inkjet method machine', 'Stereolithography machine', 'Fused deposition modeling machine', 'Laminated object manufacturing machine', 'Rapid prototyping machines', 'Laser powder forming machine', 'Three dimensional printing machine', 'Selective laser sintering machine']"
https://www.dox.co.nz/index.php?route=account/return/add,Add,Paper materials,14100000,"['Raw materials', 'Paper pulp']"
https://flymount.com/nick-van-remoortel-sails-in-tenerife-with-flymount/?query-0-page=1&cst,Nick Van Remoortel Sails In Tenerife With Flymount,Live chrysanthemums,10230000,"['Live novedad bronze cocarde pompon chrysanthemum', 'Live leidy pompon chrysanthemum', 'Live zenith pompon chrysanthemum', 'Live regatta spider chrysanthemum', 'Live reflect spider chrysanthemum', 'Live petra pompon chrysanthemum', 'Live resomee pearl disbud chrysanthemum', 'Live cremon eleonora bronze disbud chrysanthemum', 'Live pink mona lisa pompon chrysanthemum', 'Live force pompon chrysanthemum', 'Live white reagan pompon chrysanthemum', 'Live kiwi pompon chrysanthemum', 'Live football white disbud chrysanthemum', 'Live delirock pompon chrysanthemum', 'Live volare pompon chrysanthemum', 'Live anastasia green spider chrysanthemum', 'Live minka spider chrysanthemum', 'Live pirouette spider chrysanthemum', 'Live breeze pompon chrysanthemum', 'Live bistro pompon chrysanthemum', 'Live viking pompon chrysanthemum', 'Live improved reagan pompon chrysanthemum', 'Live juanes pompon chrysanthemum', 'Live lima pompon chrysanthemum', 'Live cremon minka pink disbud chrysanthemum', 'Live focus pompon chrysanthemum', 'Live sheba pompon chrysanthemum', 'Live anastasia lilac spider chrysanthemum', 'Live hasting pompon chrysanthemum', 'Live renella pompon chrysanthemum', 'Live yellow vero pompon chrysanthemum', 'Live watch pompon chrysanthemum', 'Live cremon sinatra disbud chrysanthemum', 'Live yellow stallion pompon chrysanthemum', 'Live sizzle yellow pompon chrysanthemum', 'Live madeira pompon chrysanthemum', 'Live bronze centella pompon chrysanthemum', 'Live pink costa pompon chrysanthemum', 'Live anastasia purple spider chrysanthemum', 'Live dark cantata pompon chrysanthemum', 'Live purple mundial pompon chrysanthemum', 'Live royal mundial pompon chrysanthemum', 'Live coral fiction pompon chrysanthemum', 'Live orange reagan pompon chrysanthemum', 'Live digit pompon chrysanthemum', 'Live monalisa pompon chrysanthemum', 'Live repertoire spider chrysanthemum', 'Live annecy pink pompon chrysanthemum', 'Live dark lineker pompon chrysanthemum', 'Live sweet pompon chrysanthemum', 'Live managua orange pompon chrysanthemum', 'Live dash pompon chrysanthemum', 'Live panuco red pompon chrysanthemum', 'Live promenade disbud chrysanthemum', 'Live candor pompon chrysanthemum', 'Live redock pompon chrysanthemum', 'Live orange lineker pompon chrysanthemum', 'Live life pompon chrysanthemum', 'Live lady pompon chrysanthemum', 'Live cremon disbud chrysanthemums', 'Live cremon atlantis disbud chrysanthemum', 'Live handsome pompon chrysanthemum', 'Live football lavender/pink disbud chrysanthemum', 'Live orinoco pompon chrysanthemum', 'Live bodega pompon chrysanthemum', 'Live kerry pompon chrysanthemum', 'Live atlantis yellow pompon chrysanthemum', 'Live sizzle salmon pompon chrysanthemum', 'Live pink reagan pompon chrysanthemum', 'Live viking orange pompon chrysanthemum', 'Live reflex disbud chrysanthemum', 'Live vero pompon chrysanthemum', 'Live football kiss disbud chrysanthemum', 'Live button chrysanthemums', 'Live atlantis pink pompon chrysanthemum', 'Live regatta pompon chrysanthemum', 'Live elite yellow pompon chrysanthemum', 'Live yellow fiction pompon chrysanthemum', 'Live shock pompon chrysanthemum', 'Live tender pompon chrysanthemum', 'Live yoko ono pompon chrysanthemum', 'Live tedcha orange pompon chrysanthemum', 'Live ole pompon chrysanthemum', 'Live cremon eleonora pink disbud chrysanthemum', 'Live cremon ready disbud chrysanthemum', 'Live spider chrysanthemums', 'Live cremon ivanna purple disbud chrysanthemum', 'Live resolute spider chrysanthemum', 'Live residence disbud chrysanthemum', 'Live bronze mood spider chrysanthemum', 'Live novelty chrysanthemums', 'Live artist yellow pompon chrysanthemum', 'Live decima pompon chrysanthemum', 'Live omaha pompon chrysanthemum', 'Live lupo pompon chrysanthemum', 'Live anastasia dark bronze spider chrysanthemum', 'Live baron pompon chrysanthemum', 'Live revise pompon chrysanthemum', 'Live spain flag pompon chrysanthemum', 'Live zip pompon chrysanthemum', 'Live touch pompon chrysanthemum', 'Live candle pompon chrysanthemum', 'Live remco pompon chrysanthemum', 'Live elite pink pompon chrysanthemum', 'Live white life pompon chrysanthemum', 'Live troyes pompon chrysanthemum', 'Live splendid reagan pompon chrysanthemum', 'Live white rhino pompon chrysanthemum', 'Live cremon eleonora snow disbud chrysanthemum', 'Live cremon eleonora yellow disbud chrysanthemum', 'Live kiato green pompon chrysanthemum', 'Live dorena pompon chrysanthemum', 'Live bradford orange pompon chrysanthemum', 'Live orinoco yellow pompon chrysanthemum', 'Live alma pompon chrysanthemum', 'Live elite white pompon chrysanthemum', 'Live athos pompon chrysanthemum', 'Live dion pompon chrysanthemum', 'Live starburst or snowflake pompon chrysanthemum', 'Live rebasco pompon chrysanthemum', 'Live valesca pompon chrysanthemum', 'Live sabrina pompon chrysanthemum', 'Live rover red chrysanthemum', 'Live sizzle purple pompon chrysanthemum', 'Live kess pompon chrysanthemum', 'Live refine pompon chrysanthemum', 'Live sizzle green pompon chrysanthemum', 'Live bennie jolink yellow pompon chrysanthemum', 'Live natasha sunny spider chrysanthemum', 'Live super white spider chrysanthemum', 'Live biarritz pompon chrysanthemum', 'Live bradford pompon chrysanthemum', 'Live dublin pompon chrysanthemum', 'Live evilio pompon chrysanthemum', 'Live artist pink pompon chrysanthemum', 'Live shakira white pompon chrysanthemum', 'Live pacific green pompon chrysanthemum', 'Live guide pompon chrysanthemum', 'Live cremon atlantis pink disbud chrysanthemum', 'Live raphael pompon chrysanthemum', 'Live return pompon chrysanthemum', 'Live santini chrysanthemums', 'Live zembla spider chrysanthemum', 'Live anastasia pink spider chrysanthemum', 'Live cremon annecy dark disbud chrysanthemum', 'Live lexy pompon chrysanthemum', 'Live render spider chrysanthemum', 'Live white needle pompon chrysanthemum', 'Live sizzle pink pompon chrysanthemum', 'Live orinoco purple pompon chrysanthemum', 'Live tina pompon chrysanthemum', 'Live furense pompon chrysanthemum', 'Live resouci disbud chrysanthemum', 'Live river pompon chrysanthemum', 'Live anastasia bronze spider chrysanthemum', 'Live discovery pompon chrysanthemum', 'Live salmon lineker pompon chrysanthemum', 'Live yellow sharp pompon chrysanthemum', 'Live sirius pompon chrysanthemum', 'Live delisun pompon chrysanthemum', 'Live kiato pompon chrysanthemum', 'Live sharp pompon chrysanthemum', 'Live costa white pompon chrysanthemum', 'Live target pompon chrysanthemum', 'Live rebonnet disbud chrysanthemum', 'Live high five pompon chrysanthemum', 'Live white night pompon chrysanthemum', 'Live sizzle pompon chrysanthemum', 'Live factor pompon chrysanthemum', 'Live bronze managua pompon chrysanthemum', 'Live shamrock spider chrysanthemum', 'Live sabas pompon chrysanthemum', 'Live clue pompon chrysanthemum', 'Live reagan rosy pompon chrysanthemum', 'Live fiction pompon chrysanthemum', 'Live puma white pompon chrysanthemum', 'Live atlantis white pompon chrysanthemum', 'Live text pompon chrysanthemum', 'Live super yellow spider chrysanthemum', 'Live reagan ivory pompon chrysanthemum', 'Live magnet pompon chrysanthemum', 'Live bennie jolink pompon chrysanthemum', 'Live ardilo royal pompon chrysanthemum', 'Live marimo pompon chrysanthemum', 'Live swan pompon chrysanthemum', 'Live yellow artist pompon chrysanthemum', 'Live jeanny pompon chrysanthemum', 'Live delilah pompon chrysanthemum', 'Live sunny reagan pompon chrysanthemum', 'Live cumbia pompon chrysanthemum', 'Live daisy pompon chrysanthemums', 'Live bradford spider chrysanthemum', 'Live improved mundial pompon chrysanthemum', 'Live regalis pompon chrysanthemum', 'Live everglades pompon chrysanthemum', 'Live delistar yellow spider chrysanthemum', 'Live miletta pompon chrysanthemum', 'Live statesman pompon chrysanthemum', 'Live puma yellow pompon chrysanthemum', 'Live resomac spider chrysanthemum', 'Live bernardo pompon chrysanthemum', 'Live dipper pompon chrysanthemum', 'Live blaze disbud chrysanthemums', 'Live anastasia sunny spider chrysanthemum', 'Live football resouci disbud chrysanthemum', 'Live delistar white spider chrysanthemum', 'Live tender spider chrysanthemum', 'Live football disbud chrysanthemums', 'Live football yellow disbud chrysanthemum', 'Live deliflame pompon chrysanthemum', 'Live pink balsas pompon chrysanthemum', 'Live anastasia white spider chrysanthemum', 'Live cremon idea disbud chrysanthemum', 'Live matrix pompon chrysanthemum', 'Live cremon eleonora lilac disbud chrysanthemum', 'Live creta pompon chrysanthemum', 'Live tinsel pompon chrysanthemum']"
http://www.muranoglassindia.com/product/bespoke-17/,Bespoke 17,Waxes and oils,12180000,"['Synthetic oils', 'Natural waxes', 'Synthetic waxes', 'Oils', 'Natural oils', 'Waxes', 'Paraffins', 'Petrolatums']"
https://arteymanos.cl/product-category/anillos/,Anillos,Packings glands boots and covers,31180000,"['Automotive transmission shift lever boot', 'Stuffing box', 'Packings', 'Glands', 'Oil slingers', 'Automotive boots and covers', 'Ignition boot', 'Packings and glands', 'Seal backup ring']"
https://arteymanos.cl/category/healthy/,Healthy,Paper materials,14100000,"['Raw materials', 'Paper pulp']"
https://www.legaton.it/l171-set-notebook-con-elastico/,L171 Set Notebook Con Elastico,Rapid prototyping machinery and accessories,23260000,"['Inkjet method machine', 'Stereolithography machine', 'Fused deposition modeling machine', 'Laminated object manufacturing machine', 'Rapid prototyping machines', 'Laser powder forming machine', 'Three dimensional printing machine', 'Selective laser sintering machine']"
https://www.iwins.com.tw/keli.html,Keli,Paper materials,14100000,"['Raw materials', 'Paper pulp']"
https://inessescandles.com/lv/produkta-birka/chakra/,Chakra,Wire machinery and equipment,23300000,"['Wire working machinery and equipment and accessories', 'Wire and cable cutting and terminal assembly equipment']"
https://hinoleyte.com.ph/parts-inquiry/,Parts Inquiry,Foundry machines and equipment and supplies,23160000,"['Casting machines', 'Foundry shovels', 'Foundry molds', 'Foundry machines and equipment', 'Core drying ovens', 'Die casting machine', 'Foundry flasks', 'Sand casting core box', 'Foundry ladles', 'Foundry clays', 'Foundry sand', 'Foundry blowers', 'Foundry mold machine', 'Foundry burners', 'Foundry bellows', 'Foundry converters', 'Foundry crucibles', 'Sand casting pattern', 'Foundry supplies', 'Foundry dies and tooling', 'Sizing or embossing presses']"
http://www.shipsmanor.com/oz-thread-pack/,Oz Thread Pack,Paper materials,14100000,"['Raw materials', 'Paper pulp']"
http://hvtcn.com/product12/HRWG-11.html,Hrwg 11,Paper materials,14100000,"['Raw materials', 'Paper pulp']"
https://lglutaminebenefits.com/ten-l-glutamine-health-benefits/,Ten L Glutamine Health Benefits,Antifungal drugs,51300000,"['Butenafine', 'Amphotericin b', 'Econazole', 'Ketoconazole', 'Antifungal thiazoles', 'Antifungal triazoles', 'Sodium caprylate', 'Oxifungin hydrochloride', 'Alcohol/benzoic acid/boric acid/zinc oxide/zinc stearate', 'Combination odor control products, ostomy', 'Fenticonazole nitrate', 'Benzalkonium/cetylpyridinium/chloroxylenol/triacetin', 'Brolaconazole', 'Miconazole/zinc', 'Acetone/boric acid/resorcinol', 'Thymol iodide', 'Neticonazole hydrochloride', 'Sulconazole nitrate', 'Clofenoxyde', 'Benzocaine/chloroxylenol/isopropyl/resorcinol/salicylic acid', 'Antifungal pyrimidines', 'Flucloronide', 'Benzalkonium/cetylpyridinium/chloroxylenol/sodium/triacetin', 'Amorolfine', 'Buclosamide', 'Bensuldazic acid', 'Nystatin', 'Lidimycin or lydimycin', 'Butoconazole', 'Cresol', 'Croconazole hydrochloride', 'Chlorphenesin carbamate', 'Piroctone olamine or octopirox or piroctone ethanolamine', 'Alcohol/benzocaine/choroxylenol/resorcinol/salicylic acid', 'Antifungal phenols', 'Terconazole', 'Flucytosine', 'Exalamide', 'Ravuconazole', 'Climbazole', 'Diamthazole or dimazole', 'Antifungal pyrroles and pyrrolidinones and quinazolines and terpenes', 'Miconazole nitrate', 'Tioconazole', 'Omoconazole nitrate', 'Isoconazole nitrate', 'Naftifine hydrochloride', 'Sulconazole', 'Natamycin', 'Fezatione', 'Becliconazole', 'Eberconazole', 'Abunidazole', 'Sertaconazole', 'Tolindate', 'Benzoic acid/salicylic acid', 'Calcium undecylenate/zinc undecylenate', 'Sulfiram', 'Antifungal amides', 'Antifungal macrolides', 'Chlormidazole hydrochloride', 'Undecylenic acid/zinc undecylenate', 'Alcohol, isopropyl/undecylenic acid', 'Fosfluconazole', 'Ammonia/benzoic/propionic/salicylic/sodium/sodium/undecylenic acid', 'Chlorocresol', 'Pecilocin or variotin', 'Acetone/basic fuchsin/boric acid/resorcinol', 'Sertaconazole nitrate', 'Albaconazole', 'Pyrrolnitrin', 'Antifungal imidazoles', 'Antifungal peptides', 'Ciclopirox', 'Fluconazole', 'Nifurmerone', 'Griseofulvin', 'Lanoconazole', 'Chlorphenesin', 'Doconazole', 'Antifungals, synthesized', 'Liranaftate', 'Naftifine', 'Chloroxylenol/undecylenic acid', 'Acrisorcin', 'Antifungal organophosphorus compounds and oxazines and phenyl ethers and pyrans', 'Clotrimazole', 'Amorolfine hydrochloride', 'Posaconazole', 'Croconazole', 'Basifungin', 'Bifonazole', 'Neticonazole', 'Econazole nitrate', 'Oxifungin', 'Combination antifungals', 'Zoficonazole', 'Enilconazole', 'Miconazole', 'Benzoic acid/boric acid/zinc oxide/zinc stearate', 'Haloprogin', 'Itraconazole', 'Antifungal alcohols', 'Antifungal naphthalenes', 'Flutrimazole', 'Butoconazole nitrate', 'Enilconazole for veterinary use', 'Antifungal carboxylic acids', 'Tolciclate', 'Enilconazole sulfate', 'Fenticonazole', 'Tolnaftate', 'Candicidin', 'Chlormidazole', 'Triafungin', 'Ticlatone', 'Oxiconazole', 'Voriconazole', 'Chlorophyll/thymol', 'Omoconazole', 'Saperconazole', 'Fenticonazole mononitrate', 'Diphenhydramine/lidocaine/nystatin', 'Rilopirox', 'Chlordantoin or clodantoin', 'Ciclopirox olamine', 'Terbinafine', 'Democonazole', 'Oxiconazole nitrate', 'Antifungal amines', 'Candicidin d', 'Butenafine hydrochloride', 'Caprylic acid or Octanoic acid', 'Isoconazole', 'Alteconazole', 'Antifungal pyridines', 'Ambruticin', 'Antifungal aminoacridines and azoles and benzimidazoles and benzofurans', 'Valconazole', 'Terbinafine hydrochloride']"
http://hvtcn.com/product11/HRDS.html,Hrds,Paper materials,14100000,"['Raw materials', 'Paper pulp']"
https://sklep.zielonyfront.pl/kratki,Kratki,Launchers,46140000,"['Missile launchers', 'Missile and rocket launchers', 'Rocket launchers']"
